Job id,Title,Location,Department,Salary Range,Company Profile,Description,Requirements,Benefits,Fake
1,NYC Copier Service Engineer,"NY, Manhatten",,45000-75000 ,"DRP offers office technology solutions for all size businesses from start-ups to enterprise. Whether you're a small architect firm in need of a wide format printer to 1,000 employee manufacturing plant with virtual desktops, DRP is here to assist and cultivate a partnership through strategic planning and budgeting.


Our goal is to put you at ease by insuring secure business continuity and making sure your business initiatives are not being slowed down by your technology. We want to collectively protect your bottom line and this planet by offering solutions that will help you run more energy efficient & reduce waste all while lowering costs. Talk about going green!


Your success is important to us. By architecting creative solutions using technology to keep your company on pace for your projected growth, your success becomes our success. That is why we consider this a partnership.

It's not just technology we install, it's also heart. We are DRP Solutions...Tech & Soul!","We are seeking a dedicated and skilled Service Technician to join our team in the NYC area only. You must be able to commute to Manhattan or the boroughs.

The ideal candidate will be responsible for diagnosing, repairing, and maintaining various equipment and systems. This role requires a strong mechanical knowledge, proficiency with hand tools, and the ability to troubleshoot both hardware and software issues. The Service Technician will work in the field, providing exceptional service to our clients while ensuring that all equipment operates efficiently and effectively.
","Proven experience as a Service Technician or similar role.
Strong mechanical knowledge with hands-on experience using hand tools.
Familiarity with OEM specifications and schematics for various equipment types.
Proficient in computer hardware troubleshooting and networking concepts.
Ability to diagnose software issues effectively.
Excellent problem-solving skills with a keen attention to detail.
Strong communication skills for interacting with clients and team members.
Willingness to travel for field service assignments as needed.
A valid driver's license may be required based on job responsibilities.","Referral program
Life insurance
401(k) matching
Vision insurance
Dental insurance
401(k)
Health insurance
Paid time off",0
2,Hostess/Host ,"NY, New York",Restaurants & Food Service,,"Profitable and continually growing, The Capital Grille has become an industry leader in retention and continuity. We offer an engaging learning environment across all positions, from day one. There is a wide range of opportunities to grow your career…for everyone.","With a warm smile and engaged hospitality, a Host sets the stage for an exceptional dining experience with every guest that comes through our door. A Host will engage in friendly conversation when seating guests and introducing the server. A Host manages the restaurant waiting list during high volume to accurately set guest expectations and always sincerely thank guests as they leave and invite them to return. Finally, a Host ensures various guest touch points are regularly cleaned and sanitized.

From masterfully prepared cuisine to exceptional service, The Capital Grille provides a place where you can enjoy being part of a comfortably sophisticated restaurant while thriving in a nurturing work environment that encourages growth.",,"Competitive pay, every week
Anniversary pay
Paid sick leave
Medical, dental and vision coverage
Multiple insurance options, wealth benefits and flexible spending accounts
Dining and other discounts
Matching 401(k) plan after one year of employment (21 and over)",0
3,"A Plus, Master Tech



","NY, Hopewell Junction",Automotive Service,,"Formula One Autosport is a high-performance, high-standard auto shop specializing in diagnostics, tuning, and precision repairs for luxury, exotic, and enthusiast vehicles.","We are hiring 2 more people!We Are Not Hiring Lube Techs. Period.We are looking for a true A+ or Master Technician — someone with a minimum of 3 years of verifiable experience in diagnostics, heavy-line work, and complex repair. If you’re a lube tech, B-level tech, or just trying to get your foot in the door, this is not the job for you.What We Offer:- Work with premium vehicles in a clean, well-equipped facility- High-volume performance and diagnostic work — not basic maintenance- Top pay for top talent — $25–$50/hour flat rate based on efficiency and quality- A shop environment built around pros who take pride in what they do
","- 5+ years experience as an A or Master-level technician — no exceptions- Verifiable references from previous shops or managers- Strong diagnostic capabilities (not just part swapping)- Ability to work clean, stay organized, and produce quality work consistently- Experience with Euro or high-end vehicles is a major plus
","- Work with premium vehicles in a clean, well-equipped facility- High-volume performance and diagnostic work- Top pay for top talent- A shop environment built around pros",0
4,Data Engineer (Secret Clearance),"NY, New York",,"120000-170000

",,"Setup transfers of data feeds from source systems into desired locations.

Debug issues related to delayed or missing data feeds.

Write transformations and derive new datasets using Spark for distributed computation.

Monitor build progress and debug build problems.

Rapid development and iteration cycles with SME’s including:

Testing
Troubleshooting
Executing requests for information (RFI’s) surrounding the platform’s data footprint.

Iterate with product teams while debugging / understanding the code backing our core platform.","Strong engineering background, preferably in fields such as:

Computer Science, Mathematics, Software Engineering, Physics, or Data Science.
Proficiency with programming languages in Python (Pyspark, Pandas) SQL, R or similar languages.

Strong understanding of algorithms and data structures as they pertain to development / problem solving

Ability to work effectively in teams of technical and non-technical individuals.

Skill and comfort working in a changing environment with dynamic objectives and iteration with users.

Demonstrated ability to continuously learn, work independently, and make decisions.

Proven track-record of strong customer communications including:

Feedback gathering
Execution updates
Troubleshooting","401(k)
401(k) matching
Dental insurance
Flexible schedule
Flexible spending account
Health insurance
Health savings account
Life insurance
Paid time off
Parental leave
Professional development assistance
Relocation assistance
Retirement plan
Tuition reimbursement
Vision insurance",0
5,Financial Representative,"CA, Los Angeles",Insurance Agencies & Brokerages,75000-150000,"New York Life is a Fortune 100 company and the largest mutual life insurance company in the United States. Headquartered in New York City with regional hubs and sales offices throughout the country, New York Life’s family of companies offers life insurance, retirement income, investments, and long-term care insurance.


For over 175 years, New York Life agents have been a trusted and valued partner to countless families and communities—and we’re always looking for more agents to join our team.


Our commitment to doing good applies not only to our clients, but to our workforce as well. With a robust career-training program, you’ll never be on your own as you build a new career from the ground up. Here you’ll find a collaborative and caring workplace, where an innate drive to excel is matched by a sense of responsibility to the communities where we live and work.","ption
Attention, career changers and sales professionals: Stuck in your position? No promotion in sight? Your luck is about to change. We are looking for sales professionals who want to promote to managers. Curious? Then consider a career with New York Life Insurance Company. We are looking for motivated team members who would like to:

Manage their own work schedule and establish an attractive work/life balance.
Build their career with significant income potential.
Grow their business supported by the financial strength and integrity of New York Life.
Make a difference in their community by helping others achieve peace of mind.
Customize their career path to match their personal goals.
Experience a lifetime of learning and professional development.
Enjoy recognition and rewards for their achievements.
Define their career path as an agent and thrive to move to management.
Here’s what you’ll do as a Financial Advisor:

Build relationships with clients beyond a transactional basis.
Develop your professional skills and knowledge.
Develop and implement business and marketing plans.
Prospect for potential clients.
Schedule appointments and meet with clients.
Discuss financial concerns and needs of individuals.
Present potential solutions using our wide array of products and services.
Provide ongoing customer service and support to existing clients.","1-2 years previous sales experience required.
Previous Insurance industry experience not required.
FINRA Series 6, Series 7, Series 63 a plus (paid sponsorship available after employment).
Life & Health Insurance Licensed not required (company will pay for sponsorship).
Organized, detail-oriented and excellent time management skills.
Strong sales, leadership and communication skills.
Ability to work in a team based environment.
Highly self-motivated and self-disciplined.
Relationship building and networking abilities.","Life insurance
Tuition reimbursement
401(k) matching
Flexible schedule
Vision insurance
Dental insurance
401(k)
Health insurance
Pension plan",0
6,Education Specialist,"Staten Island, NY",COMPASS/ SONYC,,"United Activities Unlimited, Inc. (UAU) is a community-based agency that provides a wide range of services that is inclusive from job placement, youth development programs and community outreach services to inspire, transform, and empower individuals of all ages. UAU is responsive to the needs of diverse populations and implements programs that support positive outcomes for individuals and communities. The comprehensive nature of UAU’s programming options and the emphasis on holistic services for individuals and families make UAU an outstanding resource and a pillar of support for communities. UAU is dedicated to the engagement, education, and empowerment of individuals and strives to transform individuals and communities to create a better future. EOE","The Educational Specialist is responsible for the development, instruction, organization and supervision of activities appropriate for the participants’ physical, emotional, intellectual, and social growth. Employees are responsible for complying with all UAU standards. Primary Job Responsibilities include (but are not limited to):• Create, implement and evaluate educational enrichment activities• Prepare activities varying from remediation instruction to tutoring• Develop and train staff on DYCD frameworks and education principles, classroom management, differentiation of learning, etc.• Maintain records of achievement• Provide lesson plans and design innovative after school academic programming• Liaison with school staff, department heads and UAU staff• Formulate pre and post assessments• Supervise any academic interventions• Abide by all safety protocols as outlined by Department of Health/OCFS, DYCD and UAU• Participate in ongoing professional development• Perform other related duties as necessary or assigned.","NYS Teaching license, required• 2+ years of teaching experience• 0–2 years of after school programming or supervisory experience• Must be culturally competent• Must pass reference checks and background• Strong verbal and written communication skills• Strong problem solving and mathematical skills• Excellent organizational and time management skills• Demonstrated ability to conduct and complete work independently• Willing to take initiative and be flexible when needed• Excels working in a collaborative environment to achieve target objects and outcomes",Parental leave,0
7,Information Technology Intern,"CA, Los Angeles",IT,,New West Charter is a high performing 6-12th grade public school located in west Los Angeles.,"We are currently seeking a part-time IT Intern to join the IT team.

New West is located across two campuses (about .5 miles from each other) and the IT Intern is responsible for supporting staff, students, school IT equipment, network connectivity, and data requests from staff and administration under the direct supervision of the IT coordinator.
","Strong knowledge of IT along with the ability to take initiative, anticipate problems before they happen, the ability to organize the working day and to be on hand to troubleshoot common IT issues with students and staff on a daily basis.

Previous school IT experience is required.

Expertise in the following area are also essential for IT success at New West Charter:

Google Certifications (Level 1,2, Trainer, and Administrator)
Google Education Suite (gmail, docs, slides, etc)
Other EdTech Tools (zoom, Nearpod, edpuzzle, etc)
Mac OS, iOS, and Chrome OS
Infinite Campus (student information system)
Competent with repairs, updates, and troubleshooting of Mac Chromebooks
Patience working with less technologically competent staff and students
Knowledge of network environments, how to handle various issues with connectivity, and monitor network's overall health",,0
8,Alignment Specialist,"VA, Chantilly",,,,Experienced car and light truck alignment specialist needed for busy shop. 60+ vehicles a day are serviced. Advisors can sell and are bonused for alignment sales. We handle mainly light duty vehicles but can see up to 5500 series Ram trucks. We have current Hunter alignment equipment that is regularly serviced and up to date. The existing techs can’t handle the alignment volume.,Experienced car and light truck alignment specialist,- 401(k) - Health insurance - Dental insurance - Vision insurance - Life insurance - Employee discount - Flexible schedule,0
9,Data Entry Operator I,"MD, Hyattsville",Records Management Division,"34031-84092 
","Prince George’s County Government serves 900,000+ residents via 30 agencies, including the 4th largest police department in Maryland.","Entry-level work involving data entry and review of police forms. Tasks include property records, data accuracy checks, and database input.",- High school diploma + data processing/keypunch training- 3 months clerical/data entry experience- Equivalent experience considered,"- Health, dental, vision insurance- 457(b), 403(b), pension plans- Life & disability insurance- Paid holidays and leave- FSA & HSA- Critical illness, accident & legal insurance- Employee discounts- Employee assistance program
",0
10,Entry-Level Freight Dispatcher,"OH, Colombus",Logistics / Transportation,,,"Coordinate freight movement between carriers and brokers. Ideal for newcomers, including former drivers or those transitioning to remote work. Training and job placement provided.","Strong communication and organizational skills- Ability to work independently- Availability Mon–Fri, 7:30 AM EST to 5:00 PM CST- Reliable internet and computer","Remote position- Full training provided- Access to tools, databases, and resources- Earnings up to $2,000/week based on performance",1
11,Remote High-Ticket Closer,Remote,Sales,,Grow My Clinic – claims to be “The Nation’s Top Growth Partner for High-Ticket Holistic Medical Practices in the U.S.” Website provided: www.GrowMyClinic.co (not verified in listing),"Responsible for closing sales from 10+ daily warm leads provided by the company. No cold calling or outbound prospecting required. High earnings potential, commission-based, remote work.","2–5 years of high-ticket, quota-carrying B2B sales experienceRemote sales experienceCRM proficiencyStrong written and verbal communication",Work from homeOpportunities for advancementUncapped commission,1
12,Financial Strategist,Remote,,"1-500000
",Purpose-Driven Finance Team,"Help individuals and families build wealth and financial security. Flexible, remote work. Mentorship included.",Self-motivatedCoachableNo finance experience required – training provided,Flexible scheduleRemote workTraining and mentorshipHigh income potential,1
13,TMS Technician,"New York, NY",,,"Neurotherapeutix NYC is the premier clinic for functional imaging-guided transcranial magnetic stimulation (TMS), offering cutting-edge, non-invasive treatment for depression, anxiety, and other neurological conditions. ",We are seeking a TMS Technologist to join our team! We offer functional magnetic resonance imaging (fMRI) guided transcranial magnetic stimulation (TMS). You will be responsible for monitoring and providing patient care. We will train you with our technology and help you acquire certificate of operation from our manufacturer.,"Ability to lift and hold a TMS coil for up to 30 minutes at a time
Ability to build rapport with patients and provide patient support
Ability to thrive in fast-paced environment
Ability to work well in teams
Familiarity with medical equipment and technology
Previous experience in patient care or other related fields",,0
14,Business Development Representative,"New York, NY ",Sales,45000-250000 ,Attix Inc. is a dynamic group of businesses that focuses on delivering innovative technology solutions across different industrie,"We are seeking a motivated and dynamic Business Development Representative to join our team. In this role, you will be responsible for driving growth by identifying and engaging potential clients, fostering relationships, and promoting our technology solutions. The ideal candidate will possess a strong background in technical sales and customer service, with excellent communication skills to effectively convey the value of our offerings.

This will be a 3-MONTH CONTRACT with potential for a full time employment offer based on your performance. As a thriving tech company, we are looking for top performers that have a natural drive and ability to perform.","Sales: 1 year (Required)
Cold calling: 1 year (Preferred)
Inside sales: 1 year (Preferred)","Dental insurance
Health insurance
Paid time off
Vision insurance",0
15,"Data Collection, Technology Platform Owner","NY, NY",Tech,140000-175000,"Macquarie is a global financial services group operating in 34 markets in asset management, retail and business banking, wealth management, leasing and asset financing, market access, commodity trading, renewables development, specialist advisory, capital raising and principal investment.","Join us and lead one exciting area of Macquarie Asset Management Real Assets Digitalization Journey to enhance how we manage our assets. As the World’s Largest Infrastructure Asset Manager (180+ portfolio companies currently managed), we are transforming our company data collection, management and analytics, leveraging a leading platform.
At Macquarie, our advantage is bringing together diverse people and empowering them to shape all kinds of possibilities. We are a global financial services group operating in 34 markets and with 55 years of unbroken profitability. You’ll be part of a friendly and supportive team where everyone - no matter what role - contributes ideas and drives outcomes.
What role will you play?","h experience implementing/configuring a vendor system in the Financial Services industry, preferably with Private Markets",annual discretionary incentive compensation award.,0
16,AT&T Sales Associate," TX, Irving",Sales,,"We are a full service, digital marketing agency, using unique and unheard of strategies to run your paid ads for a massive profit.","As a AT&T Sales Associate, you will be the go-to person for customers seeking the latest in AT&T’s wireless, technology, entertainment, and home improvement products and services. The primary responsibility is to assist customers in finding the right devices, plans, and accessories to meet their needs.You will be the face of AT&T’s brand, providing exceptional customer service and driving sales. Your primary goal will be to ensure every customer leaves with a positive impression of the brand, thereby fostering customer loyalty and repeat business.","Must be 18 years or older
Must have reliable transportation- this is an on-site position in Irving, Tx
Must be Solution-Oriented
Must be coachable
Previous experience in retail, customer service, sales, or other related fields
Ability to build rapport with clients
Ability to prioritize and multitask.
Must have a great work ethic
Excellent verbal communication skills","Paid training
Travel reimbursement
Paid time off
Employee discount
Flexible schedule",0
17,Environmental Engineering Intern - Fall 2025,"CT, Shelton",,,"WSP USA is the U.S. operating company of WSP, one of the world's leading engineering and professional services firms. Dedicated to serving local communities, we are engineers, planners, technical experts, strategic advisors and construction management professionals. WSP USA designs lasting solutions in the buildings, transportation, energy, water and environment markets. With more than 15,000 employees in over 300 offices across the U.S., we partner with our clients to help communities prosper.","Our Earth & Environment Team is seeking a part-time Environmental Engineering Intern - Fall 2025 to work out of our Shelton, CT office. This temporary position is seeking individuals currently enrolled in an Undergraduate or Graduate degree program.

This internship is anticipated to take place during the Fall 2025 Semester.

Your Impact

Support a variety of engineering tasks with the goal to develop technical, social, and ethical skills.
Learn basic principles of Engineering as they relate to Environmental Engineering.
Assist with project research, field work, and preliminary data analysis and reporting.
Assist with supervision of drilling and construction/remediation contractors, collection of soil and groundwater samples, data collection during pumping tests and other tasks.
Assist in collecting and maintaining project documentation.
Complete training on assigned tasks.
Exercise responsible and ethical decision-making regarding company funds, resources and conduct, and adhere to WSP’s Code of Conduct and related policies and procedures.
Perform additional responsibilities as required by business needs.
Please note that there is no relocation or housing assistance associated with this internship.
","Actively enrolled in an accredited Civil or Environmental Engineering, or related, Undergraduate program with an anticipated graduation date of December 2025 or later.
Must be 18 or older.
Demonstrated interest in environmental remediation or related field and have a strong desire to advance skills related to WSP’s work and projects.
Competent interpersonal and communication skills when interacting with others, expressing ideas effectively and professionally to an engineering and non-engineering audience.
Capable of taking direction from leadership, mentors, and managers to executive projects.
Basic proficiency with technical writing, office automation, software, spreadsheets, technology, and tools.
Proven track record of upholding workplace safety and ability to abide by WSP’s health, safety and drug/alcohol and harassment policies.
Authorization to work in the United States at the start of the internship.","Disability insurance
Vision insurance
Dental insurance
Health insurance",0
18,Pharmacy Intern Year,"NJ, Harrison",,,"Founded in 1901, Walgreens (www.walgreens.com) has a storied heritage of caring for communities for generations, and proudly serves nearly 9 million customers and patients each day across its approximately 8,500 stores throughout the U.S. and Puerto Rico, and leading omni-channel platforms. Walgreens has approximately 220,000 team members, including nearly 90,000 healthcare service providers, and is committed to being the first choice for retail pharmacy and health services, building trusted relationships that create healthier futures for customers, patients, team members and communities.


Walgreens is the flagship U.S. brand of Walgreens Boots Alliance, Inc. (Nasdaq: WBA), an integrated healthcare, pharmacy and retail leader. Its retail locations are a critical point of access and convenience in thousands of communities, with Walgreens pharmacists playing a greater role as part of the healthcare system and patients’ care teams than ever before. Walgreens Specialty Pharmacy provides critical care and pharmacy services to millions of patients with rare disease states and complex, chronic conditions.","Learn to provide the best patient experience through assisting the pharmacist and pharmacy team members in accordance with state and federal regulations.
Responsible for using pharmacy systems to obtain patient and drug information and process prescriptions.
Models and delivers a distinctive and delightful customer experience.
Learns and champions pharmacy policy, procedures, and customer service best practices needed to perform as a future pharmacist.
Job Responsibilities/Tasks

Customer Experience
Engages customers and patients by greeting them and offering assistance with products and services. Resolves customer issues and answers questions to ensure a positive customer experience.
Models and shares customer service best practices with all team members to deliver a distinctive and delightful customer experience, including interpersonal habits (e.g., greeting, eye contact, courtesy, etc.) and Walgreens service traits (e.g., offering help proactively, identifying needs, servicing until satisfied, etc.).
Develops strong relationships with customers.
Operations
Learn from store and pharmacy team members, field leadership, team members and customers/patients
Under the supervision by the pharmacist, assist in the practice of pharmacy, in accordance with state, federal, and company policy. Reviews and complies with the Walgreen Co. Pharmacy Code of Conduct.
Performs duties as assigned and supervised by the pharmacist in accordance with Walgreens standard operating procedures for entering, third party processing, filling, and dispensing prescriptions.
Assists pharmacists and other healthcare providers in delivering patient care and services that are within the state scope of practice for pharmacy interns including patient counseling and other health services (i.e. blood pressure, medication therapy management).
Immediately reports prescription errors to pharmacist on duty and adheres to Company policies and procedures in relation to pharmacy errors and the Quality Improvement Program.
Strictly adheres to the Walgreen Co. policy regarding Good Faith Dispensing
Responsible and accountable for registering all related sales on assigned cash register, collects and handles cash as required. Takes customer to OTC aisle when possible to assist in locating products.
Handles telephone calls that do not require personal attention of the pharmacist, including those to physicians.
Assists and supports Pharmacy Department on inventory management activities, such as, ordering, unpacking, checking and storing shipment of pharmaceuticals. Maintains knowledge of Company asset protection techniques, and files claims for warehouse overages (merchandise received, but not billed), shortages (merchandise billed, but not received), order errors or damaged goods involving Rx drugs.
Assists with exterior and interior maintenance by ensuring the Pharmacy Department is stocked with adequate supplies, clean, neat and orderly in condition and appearance.
Complies with all company policies and procedures; maintains respectful relationships with coworkers.
Complete special assignments and other tasks as assigned.
Training and Personal Development
Complete required training
Maintains knowledge and skill in healthcare and pharmacy, including latest news and developments.

The following information is applicable for San Francisco, CA applicants: Pursuant to the San Francisco Fair Chance Ordinance, we will consider for employment qualified applicants with arrest and conviction records.

An Equal Opportunity Employer, including disability/veterans.

This information is being provided to promote pay transparency and equal employment opportunities at Walgreens. The current salary range for this position is $16.50 per hour - $25.00 per hour. The actual hourly salary within this range that you will be offered will depend on a variety of factors including geography, skills and abilities, education, experience and other relevant factors. This role will remain open until filled. To review benefits, please click here jobs.walgreens.com/benefits. If you are applying on a job board or unable to click on the link, please copy and paste this URL into your browser jobs.walgreens.com/benefits","Must be enrolled in a school of Pharmacy program.
Must be fluent in reading, writing, and speaking English. (Except in Puerto Rico).
Requires willingness to work flexible schedule, including evening and weekend hours.",,0
19,Entry Level Application Engineer,"NY, NY",Tech,90000-100000,"Grata is the leading private-market dealmaking platform—bringing the most comprehensive, accurate, and searchable proprietary data on private companies, financials, and owners to investors, advisers, and corporate deal teams. With over 700 customers and accolades from G2 and PE Wire, we’re growing fast and looking for bright new talent to help us shape the future of data-driven dealmaking.","We’re looking for a recent college or graduate school graduate ready to kick-start their career as a Software Engineer. In this role, you’ll collaborate with our Product Engineering team to build and maintain the pipelines, models, and warehouses that power Grata’s core product. You’ll ship real customer-facing features from Day 1, learn from experienced engineers, and grow quickly into a leadership role if you’re passionate about data.", recent college or graduate school graduate ,"Parental leave
Paid time off
Paid sick leave
401(k) match
Life insuranc",0
20,Associate Consultant,Remote,Business Managment ,90000-110000,"Palo Alto Strategy Group (PASG) is a strategy consulting firm that provides specialized Technology & Commercial Due Diligence and Strategic Consulting services to Private Equity and Corporate investors in Software, Technology and E-Commerce. We encourage an open, honest culture with direct feedback (especially upwards), where the best ideas always win. ","
The primary responsibilities of an Associate Consultant involve primary & secondary research, market and company analysis and report creation. An Associate Consultant is responsible for gathering and analyzing data which will be presented to the project team and the client in order to shed light on an investment thesis.",We are seeking talented undergraduate Associate Consultants to join our consulting team remotely. Successful candidates will benefit from fast-cycle projects that will provide unrivaled exposure to prestigious Private Equity clients and leading software companies.,"90–110K/hr
Medical, dental, and vision coverage
Bonus
Paid time off
Paid sick leave
Gym membership
Career developmen",0
21,Entry-Level Finance Data Analyst,"NY,NY",Information Technology,60000,"Strategio was founded with a specific goal in mind: To build a community of technologists, dedicated to the purpose of increasing diversity, equity and inclusion for underrepresented and underserved groups, within enterprise IT. ","Strategio is here to accelerate your technology consulting career with Fortune 500 companies. Our 6-week Enterprise Simulator training program, supported by a world-class team of experts, equips you for success in your first consulting role as a Finance Data Analyst. Once you complete the program, you’ll become a Strategio Technologist representing our brand while working with a major banking client.

In this role, you’ll combine your financial mindset with data analysis skills to translate complex cloud infrastructure costs into clear, actionable financial insights. If you’re driven by numbers, curious about tech cost trends, and ready to grow, this is your chance to launch a FinOps career that connects finance and technology.","Solid understanding of financial statements and budgets
Strong analytical mindset and attention to detail
Experience with MS Excel (advanced formulas, pivot tables)
Familiarity with SQL (basic queries) and Power BI (or other reporting tools)
Clear, proactive communication and a collaborative spirit","$60K/yr
Medical, dental, and vision coverage
Paid time off
Paid sick leave
Parental leave
401(k) match",0
22,Assistant Professor,Remote,Teaching,40000-50000,"Tetr College of Business is a next-gen institution redefining how students learn business. Through our program motto, “Learn Business by Doing Business Across the World,” our students don’t sit in a single classroom; instead, they build seven businesses in seven countries - from Silicon Valley’s tech ecosystem to Singapore’s dynamic markets.","As an Assistant Professor at Tetr College of Business, you will play a pivotal role in shaping the next generation of entrepreneurial leaders. Your responsibilities will include:
 Teaching and Curriculum Development
Deliver high-impact, experiential instruction in core areas of the program, such as leadership, innovation, entrepreneurship, business strategy, and personal mastery. Collaborate with faculty to continually enhance the curriculum to reflect real-world relevance and academic rigor.
Mentorship and Student Engagement
Serve as a mentor to graduate students, offering academic guidance, leadership coaching, and support for entrepreneurial ventures and career development.
Research and Thought Leadership
Conduct and publish high-quality, practitioner-relevant research that contributes to the field of entrepreneurial leadership. Engage with the broader academic and business communities through conferences, publications, and thought leadership initiatives.","A full-time PhD (or ABD) in a directly related area of teaching from a reputed university, or business school (preferably AACSB / EQUIS / AMBA accredited). Candidates who have recently completed their doctorate will also be considered.
 Proven expertise and teaching experience at the undergraduate and postgraduate level in their respective business disciplines. A strong record of student engagement and teaching evaluations averaging above 4.5 out of 5 is preferred.
Practical industry experience in international business is highly desirable, enabling faculty to integrate real-world applications into academic learning.
Actively support students in developing and launching their own business ventures by providing mentorship, industry insights, and practical guidance tailored to their respective fields.",,0
23,Associate Consultant,"CO, Denver",Busniess Marketing,112000,"Bain & Company is a global consultancy that helps the world’s most ambitious change makers define the future. Across 65 cities in 40 countries, we work alongside our clients as one team with a shared ambition to achieve extraordinary results. We complement our tailored, integrated expertise with a vibrant ecosystem of digital innovators to deliver better, faster, and more enduring outcomes.","As a Bain Associate Consultant, your analytical, inter-personal, creative thinking, business management and leadership skills will be called upon from day one. You will begin as a generalist and be in the thick of the action as you work side-by-side with some of the best in the business. Every day is different but a sample of the things you can expect to accomplish are:

Provide clients with powerful facts and analyses that outline solutions and drive change
Work on case teams in roles that vary according to the team’s objective
Be responsible for identifying information sources, gathering, and interpreting data, and presenting your findings to case team members
Interviewing the client’s customers, competitors, suppliers, and employees; this work becomes the basis of the case team’s strategic recommendation
The learning curve is steep, but from over 50 years of experience, we know that you will be able to handle it. And the rewards – global travel, influential connections, world-class training, personal satisfaction, unparalleled career development and, yes, financial – are second to none.","University degree from a renowned educational institution
A solid team player who’s also an independent thinker
A robust analytical skill set, endless curiosity and a penchant to think the impossible
Must be deadline driven, organized and able to multi-task
Strong verbal, written and presentation skills are important
Fluency in English
Any additional language and visa requirements for the office you wish to join
","This role may also be eligible for other elements of discretionary compensation
4.5% 401(k) company contribution, which increases after 3 years of service and is 100% vested upon start date
Bain & Company's comprehensive benefits and wellness program is designed to help employees achieve personal independence, protection and stability in the areas most important to you and your family.
Bain pays 100% individual employee premiums for medical, dental and vision programs, offering one of the most comprehensive medical plans for employees without impacting your paycheck
Generous paid time off, including parental leave, sick leave and paid holidays
Fully vested 401(k) company contribution
Paid Life and Long-Term Disability insurance
Annual fitness reimbursements",0
24,Project Manager,"TX, Houston",Managment,90000-100000,"CareerVest is a leading software solutions provider that delivers custom applications, cloud-based platforms, and IT consulting services. We partner with businesses to streamline operations, enhance productivity, and drive innovation through cutting-edge technology solutions. Our team of experts works closely with clients to design, develop, and implement software that addresses their unique needs, ensuring scalable and efficient results that help them stay ahead","Coordinate internal resources and third parties/vendors for the flawless execution of projects. Ensure that all projects are delivered on-time, within scope and within budget. Developing project scopes and objectives, involving all relevant stakeholders and ensuring technical feasibility. Ensure resource availability and allocation. Develop a detailed project plan to track progress. Use appropriate verification techniques to manage changes in project scope, schedule and costs. Measure project performance using appropriate systems, tools and techniques. Report and escalate to management as needed. Manage the relationship with the client and all stakeholders. Perform risk management to minimize project risks. Establish and maintain relationships with third parties/vendors. Create and maintain comprehensive project documentation","Great educational background, preferably in the fields of computer science or engineering for technical project managers. Proven working experience as a project administrator in the information technology sector. Solid technical background, with understanding or hands-on experience in software development and web technologies. Excellent client-facing and internal communication skills. Excellent written and verbal communication skills. Solid organizational skills including attention to detail and multi-tasking skills. Strong working knowledge of Microsoft Office. PMP / PRINCE II certification is a plus ","$90–100K/yr
Medical, dental, and vision coverage
Bonus
401(k) match
Paid sick leave
Career development",0
25,"College Financial Representative, Internship Program","FL, Fort Lauderdale",,,"For over 165 years, we have helped our clients spend their lives living through comprehensive and innovative financial planning. We combine the expertise of our financial professionals with personalized digital experience and industry-leading products to give our clients the ability to successfully navigate their financial lives.


Our tailored approach includes multiple financial strategies—insurance, investments, and annuities—built to reinforce each other, keeping our clients consistently on track to meet goal after goal. We lead with unmatched financial strength and access to the best products and services for our clients.


Our Financial Representatives and College Financial Representatives are valued partners and proud business owners. As such, they are considered independent contractors1 for income tax purposes, and a ""statutory employee"" for Federal Insurance Contributions Act (FICA) tax purposes.


As a company, we value an inclusive and belonging workplace where everyone’s unique viewpoints bring new successes. We strive to create teams that reflect our customers and communities, fostering an environment where all employees are welcomed, valued, and heard.
","Overview:
College Financial Representatives in the internship program at Northwestern Mutual are provided guidance, connection, and a framework for building an integrated financial planning practice from the ground up. Our college financial representatives, who come from varying academic backgrounds and experiences, begin to build a financial planning practice while engaging local and nationwide experts, exclusive financial products, and the support of a Fortune 500 company. You will have the opportunity to build your confidence, develop a professional network, and help people achieve financial freedom. Here, hard work pays off!
Responsibilities:
Our internship program mimics our full-time Financial Representative career, allowing you to:

Learn how to prospect and network to build your business and client base
Develop and execute on a business strategy
Call on potential clients and set meetings to understand their financial goals
Prepare plans and offer useful recommendations
Gain exposure to proprietary planning software platforms
Engage in weekly coaching, training, and development meetings
Receive Risk Product State Licensing: Life, Accident, and Health
Build life skills that create future career opportunities

As a Northwestern Mutual College Financial Representative, you can expect a flexible schedule to work around your life and your classes. With the option to participate in our internship program year-round, you can continue to grow your practice and obtain support for registrations and certifications such as the Series 6 & 63 or CFP®. Get inspired at local and national recognition events, earn access to leadership programs, and collaborate with experts in our business. In fact, you’ll find diverse resources across our culture to ensure that you experience personal and professional growth in this program. With interest, eligible students have an opportunity to interview for a full-time Financial Representative or Advisor role upon graduation.","Full-time student; juniors and seniors preferred
Entrepreneurial ambitions and curiosity for sales
Highly involved on campus (leader, athlete, campus orgs, student government, etc)
Excellent time-management skills
Interest in financial literacy and planning tools
Business savvy and desire to increase critical thinking abilities","Life insurance
Flexible schedule",0
26,Scientific Software Developer,"TX, Houston",Tech,90000-100000,"Viridien (www.viridiengroup.com) is an advanced technology, digital and Earth data company that pushes the boundaries of science for a more prosperous and sustainable future. With our ingenuity, drive and deep curiosity we discover new insights, innovations, and solutions that efficiently and responsibly resolve complex natural resource, digital, energy transition and infrastructure challenges.
Work life","As part of the team responsible for ensuring the efficiency, ease of use, reliability, and scalability of the core software for Viridien’s proprietary high-performance computing applications on GPU and CPU architectures, this position requires a deep understanding of computational science (especially parallel programming and code optimization), a strong mathematics/physics/engineering background, in-depth knowledge of computer software/hardware architecture, and excellent analytical and problem-solving skills.

In this role, you will develop and maintain high-end geophysical algorithms for seismic processing, imaging, and interpretation. You will participate in design discussions, development, and deployment in large-scale state-of-the-art computing facilities across the world with a geographically dispersed developer team, researcher team, and user base.","Master’s degree or higher in Physics, Engineering, Mathematics, or Computer Science, or 5 years of hands-on experience in scientific programming
Fluency in C/C++ (Fortran also preferred)
Experience with UNIX / POSIX programming 
Highly experienced in debugging / profiling /optimizing 
Highly experienced with MPI, CUDA, or other type of parallel computing 
Highly experienced in scientific computing on various types of HPC architecture
Experience with full lifecycle of development, including product release
Innovative mindset
Highly motivated and eager to learn
Strong communication and problem-solving skills","Relocation bonus to help offset the cost of moving to Houston
$10,000 signing bonus to welcome you in!
Performance-based monthly bonus averaging at 10-15% at entry level (contingent on financial & individual performance) - The only limit is your potential!
3 weeks’ vacation to recharge, 3 personal days and 8 sick days for you to use when you need it the most
A hybrid and flexible work schedule
Excellent 401k match program (contribute up to 5% and we’ll match up to 7%!)
Medical, dental, vision, supplemental benefits available and so much more
Parental leave program - Viridien offers eligible moms and dads paid time off to bond with their new child
Viridien wants our employees to be the best versions of ourselves. We offer a Wellness Program as well as a state-of-the-art Fitness Center
Tired of packing lunch? We got you covered with free lunches on Tuesdays, Wednesdays and Thursdays!",0
27,Account Representative - State Farm Agent Team Member,"PA, Montoursville",,40000-65000,"State Farm® is the largest auto insurer in the U.S. since 1942. About one of every five cars on the road is insured with State Farm. State Farm is a family of insurance and financial services companies that together serve 80 million policies and accounts in the U.S.


Our many lines of business together offer over 100 products. State Farm not only does the right thing for our customers, we do the right thing for communities. We are heavily involved in and support communities through sponsorships, safety programs, education leadership, and service-learning.","As Account Representative - State Farm Agent Team Member for CHAD JACOBSON - State Farm Agent, you are vital to our daily business operations and customers’ success. You grow our agency through meaningful customer relations and acting as a liaison between customer needs and agency departments. You improve the lives of our customers by proactively marketing relevant products and services.

Grow your career as you better your community. As an attentive, sociable, and sales-minded professional, we are eager to have you on our team.

RESPONSIBILITIES:
Provide information about insurance products and services.
Assist customers with policy applications and renewals.
Handle customer inquiries and provide timely responses.
Maintain accurate records of customer interactions.","Communication and interpersonal skills.
Detail-oriented and able to multitask.
Experience in customer service or sales preferred.","Opportunities for advancement
401(k)
Paid time off",0
28,Special Agent: Healthcare Services/Medical Background,"VA, Richmond",,99461-128329,"The FBI is the premier law enforcement agency in the world. As an intelligence-driven and outcome-focused national security organization, we leverage cutting-edge technology and innovative strategies to address critical threats. Our history is rich with groundbreaking advances, and our future is driven by our collective mission to protect the American people and uphold the U.S. Constitution. Our core values—respect, integrity, accountability, leadership, compassion, fairness, and rigorous obedience to the Constitution—serve as the foundation of everything we do.


The FBI has a storied legacy dedicated to safeguarding the nation. We offer more than 500 purpose-driven careers, and our teams leverage their various backgrounds to protect against cyberattacks, financial fraud, organized crime, and more. Whether you’re drawn to being a special agent, a forensic accountant, or an IT specialist, your skills from data analysis to engineering will help us tackle security challenges. Working alongside global law enforcement and intelligence agencies, we supply critical resources like biometric identification, laboratory services, and comprehensive training. While you are investing in us, the FBI is investing in you with unparalleled leadership development, advancement and growth opportunities, and an impactful career that enables our workforce to build a safer, more secure future together.


Set yourself apart by joining the FBI. Apply today.","Use your medical background to become an FBI special agent!

The transition from health care to special agent is more than a career move—it’s an opportunity to upskill and become an expert in your field. At the FBI, you won’t just use your patient safety experience; you’ll also build on it by working on cases that challenge you to think critically, adapt quickly, and collaborate with elite professionals tackling national security threats. Your ability to uncover crucial information, problem-solve, and apply your technical knowledge will help protect our nation from cyberattacks, terrorism, fraud, and evolving threats.

With specialized training, real-world investigative experience, and access to cutting-edge technology, you’ll refine your clinical research and compliance skills, enhance your expertise, and develop the foundation to become a leader in your field. The Bureau matches your dedication with a commitment to professional growth, a supportive work environment, and a robust benefits package that prioritizes you. Set yourself apart. Apply today.","KEY REQUIREMENTS

Must be a U.S. citizen.
Must be able to obtain a Top Secret Sensitive Compartmented Information (SCI) Clearance.
Must be willing to travel as required.
Must meet the FBI’s Employment Eligibility requirements.
EDUCATION

Candidates must have a bachelor’s degree or higher (preferably in a medical, health, public safety, or a related field) from a U.S. accredited college or university.",,0
29,Entry Level - Sales Representative - VA,"VA, Fairfax",,45000-150000,"Presidential Exteriors is a top-ranked home remodeling company serving Maryland and Northern Virginia. In 2024, we were ranked #57 out of the Top 200 HIP Home Remodeling Pros and named one of the Top 20 Fastest Growing Companies by the Washington Business Journal. We are currently expanding our team and seeking driven individuals to join our sales department.
","Play a key role in marketing new leads
Meet sales goals; daily, weekly, and monthly
Introduce Presidential Exteriors' eco-friendly, green products to both prospective and existing clients.
Engage with clients by highlighting the benefits of our offerings.
Continuously improve your skills through our ongoing training camps designed to enhance your communication, negotiation, and strategic planning abilities.","We need passionate, self-motivated sales representatives ready to take on the challenge of promoting our award-winning products and services. If you have a knack for communication and love connecting with people, you’ll find a fulfilling and rewarding career with us. No prior sales experience is required—we provide full training and ongoing professional development.
","Flexible schedule
401(k) matching
Parental leave
Paid parental leave
Vision insurance
Dental insurance
Wellness program
Health insurance
Paid time off",0
30,Member Service Representative,"MI, Grand Rapids",Sales,,"Our Mission is to provide exceptional service and quality talent at the lowest cost. We help connect organizations with the right talent faster!
At TQC, we stay true to our core values of trust and transparency through all aspects of our work, evolving and adapting to the needs of any and all clients.","Are you ready to kickstart your career and make a real impact? We're looking for enthusiastic and customer-focused individuals to join our team as Member Service Representative. This is your chance to be part of a dynamic environment where you'll play a key role in providing exceptional service to our credit union members, all while developing valuable skills along the way.
What You’ll Do:
Support Our Members: Be the first point of contact for credit union members, answering inbound calls, and ensuring their needs are met with top-notch service.
Make Every Interaction Count: Take detailed notes and forward requests accurately, acting as an essential link between our members and credit union partners.
Navigate with Ease: Master credit union websites and tools, consistently verifying caller identities and providing seamless service.
Educate and Assist: Help members understand their accounts, debit/credit cards, and online services, making banking a breeze for them.
Engage in Variety: Handle inbound and outbound calls, web chats, emails, and more—no two days are the same!
Learn and Grow: Gain expertise in credit union operations, online banking applications, and specialized software, all while developing your customer service skills.","No Experience Required: We value your potential and enthusiasm more than previous experience.
Education: A high school diploma or equivalent (or working towards one) is all you need to get started.
Skills: Strong communication, attention to detail, and a positive attitude are key. Familiarity with Microsoft Office is a plus but not a must.
Professionalism: Discretion with sensitive data and a commitment to excellence will set you apart.","401(k)
401(k) matching
Dental insurance
Health insurance
Vision insurance",1
31,Customer Service/Sales Representative,"MI, Grand Rapids",Sales,,,We are looking for a enthusiastic and customer-focused retail/office environment committed to providing top-notch service and high-quality products. We are looking for a motivated and personable Customer Service/Sales Representative to join our team in an in-person role that enjoys a fast paced work environment.,"High school diploma or equivalent required; associate’s or bachelor’s degree is a plus.
Previous retail, office, or customer service experience preferred.
Strong communication and interpersonal skills.
Ability to multitask and work in a fast-paced environment.
Proficiency in basic computer applications.
Must be dependable, punctual, and team-oriented.","Competitive salary with potential for bonuses.
Employee discounts.
Opportunities for career growth and advancement.
Supportive and team-oriented work environment.",1
32,2nd and 3rd Shift Maintenance Electrician and Mechanics,"MI, Grand Rapids",Tech,,"Lacks Enterprises is a locally owned and privately held business with roots in West Michigan for over 60 years. With over 25 facilities and 2000 people, we continue to grow. We have immediate openings for Maintenance Electricians and Maintenance Mechanics on 2nd and 3rd shift in our fast-growing manufacturing facilities in the Kentwood area.","Performs complex troubleshooting of electrical and mechanical issues and equipment.
Plans layouts for updates on machinery.
Completes preventative maintenace on machinery in the facility
Installs large equipment, components, and systems using both internal and external resources.
Assesses and communicates maintenace requirements for the plant to leadership.
Recognizes safety hazards on equipment in the plant and initiates corrective actions.
Follows lockout procedures and plant safety rules.
Other duties as assigned.","Ability to work 2nd or 3rd shift
Understanding of basic electrical
High school education or equivalent
Some college courses in both mechanical and electrical skill preferred OR 3 or more years of experience in manufacturing/industrial field","Dental insurance
Employee assistance program
Employee discount
Health insurance
Paid time off
Tuition reimbursement
Vision insurance",1
33,Business Development Specialist (Intern),"PA, Pittsburgh",,,"Management Science Associates, Inc. (MSA) is a diversified, dynamic and growing information management company that for over sixty years has partnered with institutional and commercial customers to identify areas in which innovative analytics, data and technology deliver incremental growth and drive efficiency. We have a rich legacy of being first to market, consultative partners, and serial innovators at heart. We’re proud to say that we even won an Emmy!","Assist in basic sales and marketing tasks and potential prospect contact.
Gain knowledge of MSA's products and services and business areas
Help manage internal sales marketing data, analytics, and document prep tasks.
Interact with internal MSA teams
Accountable for planning and coordinating assigned projects
Coordinate functions and requests between internal areas
Ensure successful completion of assigned projects","Currently pursuing a four-year degree in Business Administration, Marketing or a related discipline. Students pursuing a MBA or MS in a related discipline preferred
Innovative and proactive
Good interpersonal and team skills
Ability to establish cooperative working relationships
Detail oriented with good organizational skills
Excellent written and oral communication skills
Basic understanding of metrics, analytics and documentation
Will need reasonable phone skills both speaking, listening and documenting
Working knowledge of MS Office products
Ability to manage time independently
Experience in social media a plus, with a focus on LinkedIn capability
Hybrid in-office and remote work. Candidates must currently live in the Pittsburgh, PA region due to in-office work",,1
34,Junior Windows Engineer,"MI, Lansing",Tech,,"Epic is located just outside Madison, Wisconsin, the second fastest growing market for tech talent in the United States and home to the state capital and the University of Wisconsin. Madison, a city surrounded by water, has received accolades for being the greenest city in America (NerdWallet), the best city for renters (SmartAsset), the fittest city in America (Fitbit), and the third best metro in the US for young professionals (Forbes Advisor).","We are seeking an exceptional early-career IT professional to join us as a Windows Engineer on our multi-tenant Hosting team. In this role you'll be responsible for the design, implementation, and health of our domain architecture including Active Directory, authentication technologies, and DNS.","Bachelor's Degree in CIS, IS, IT, or a related field
Relocation to Madison, WI area (reimbursed)
Eligibility to work in the U.S. without visa sponsorship.
COVID-19 vaccination
Preferred experience/interest in one of the following areas:
Automation using scripting tools like PowerShell
Active Directory and/or Azure Active Director design and maintenance
Deployment and troubleshooting of DNS & DHCP","We offer comprehensive benefits to keep you healthy and happy as you grow in your life and career, and your merit-based compensation will reflect the impact your work has on the company and our customers. Y",1
35,Pre-Sales Consultant,Remote,,117918-220505,,,"In-depth knowledge of the Pharma/Contract/Clinical Research Organization
2. Prior experience in Pharma, CRO, Biotech industry would be a huge plus.

3. Strong understanding of Pharma value chain spanning drug discovery and development, pre-clinical and clinical development, manufacturing, clinical supplies, regulatory submissions, medical affairs, sales and marketing and patient services

4. Functional knowledge of processes as well as systems spanning the pharma value chain mentioned above.

5. Strong understanding of Veeva industry cloud capabilities, data migration, integration etc.

Ability to connect industry/segment trends and provide tailored solutions to clients and/or create proactive pitches aimed at solving specific client problems.
Ability to analyze industry/segment trends along with patterns of client problems to develop and roll-out go-to-market (GTM) strategy.
Experience in anchoring RFPs & RFIs with cross-functional teams
Thought leadership - Presenting at events, seminars, customer, and partner meetings, author PoVs, Blogs, Whitepapers etc.
Knowledge of advisor and analyst ecosystem such as Gartner, Everest, Forrester, IDC etc. and ability to present as well as participate in RFIs for ranking/rating.",,1
36,,,,,,,,,
37,,,,,,,,,
38,,,,,,,,,
39,,,,,,,,,
40,,,,,,,,,
41,,,,,,,,,